cargo_type,weight_kg,priority_level,destination,historical_dwell_hours,risk_score
Medicine,850,High,Lahore,8.5,88
Medicine,1200,High,Islamabad,9.0,92
Medicine,600,High,Karachi,7.0,85
Medicine,1400,High,Lahore,9.5,95
Clothing,1500,Normal,Gujranwala,24.0,30
Clothing,1800,Normal,Lahore,26.5,35
Clothing,1200,Low,Faisalabad,30.0,25
Clothing,900,Normal,Sialkot,22.0,28
Toys,950,Normal,Lahore,20.0,32
Toys,1100,Normal,Rawalpindi,22.5,34
Toys,700,Low,Multan,28.0,20
Toys,1300,Normal,Lahore,21.0,30
Electronics,1200,High,Islamabad,14.0,78
Electronics,1500,High,Lahore,15.5,82
Electronics,800,High,Peshawar,12.0,75
Electronics,1900,High,Karachi,16.5,85
Stationery,700,Low,Gujrat,36.0,15
Stationery,1100,Low,Lahore,34.0,18
Stationery,600,Low,Sialkot,38.0,12
Stationery,1400,Low,Faisalabad,35.0,16
Food,1100,High,Lahore,10.0,80
Food,1600,High,Islamabad,12.5,86
Food,850,High,Rawalpindi,9.0,78
Food,2000,High,Karachi,13.0,90
Medicine,750,High,Lahore,8.0,86
Clothing,1600,Normal,Lahore,25.0,32
Electronics,1100,High,Lahore,13.5,76
Food,1300,High,Gujranwala,11.0,82
Stationery,800,Low,Lahore,35.0,15
Toys,1050,Normal,Gujrat,23.0,31